-- MySQL dump 10.13  Distrib 8.0.42, for Linux (x86_64)
--
-- Host: localhost    Database: clips_schema
-- ------------------------------------------------------
-- Server version	8.0.42-0ubuntu0.24.04.1

/*!40101 SET @OLD_CHARACTER_SET_CLIENT=@@CHARACTER_SET_CLIENT */;
/*!40101 SET @OLD_CHARACTER_SET_RESULTS=@@CHARACTER_SET_RESULTS */;
/*!40101 SET @OLD_COLLATION_CONNECTION=@@COLLATION_CONNECTION */;
/*!50503 SET NAMES utf8mb4 */;
/*!40103 SET @OLD_TIME_ZONE=@@TIME_ZONE */;
/*!40103 SET TIME_ZONE='+00:00' */;
/*!40014 SET @OLD_UNIQUE_CHECKS=@@UNIQUE_CHECKS, UNIQUE_CHECKS=0 */;
/*!40014 SET @OLD_FOREIGN_KEY_CHECKS=@@FOREIGN_KEY_CHECKS, FOREIGN_KEY_CHECKS=0 */;
/*!40101 SET @OLD_SQL_MODE=@@SQL_MODE, SQL_MODE='NO_AUTO_VALUE_ON_ZERO' */;
/*!40111 SET @OLD_SQL_NOTES=@@SQL_NOTES, SQL_NOTES=0 */;

--
-- Table structure for table `clip`
--

DROP TABLE IF EXISTS `clip`;
/*!40101 SET @saved_cs_client     = @@character_set_client */;
/*!50503 SET character_set_client = utf8mb4 */;
CREATE TABLE `clip` (
  `id` int NOT NULL AUTO_INCREMENT,
  `title` varchar(255) DEFAULT NULL,
  `game_id` int DEFAULT NULL,
  `original_poster_id` int DEFAULT NULL,
  `post_date` date DEFAULT NULL,
  `views` int NOT NULL,
  PRIMARY KEY (`id`),
  UNIQUE KEY `title` (`title`)
) ENGINE=MyISAM AUTO_INCREMENT=528 DEFAULT CHARSET=utf8mb3;
/*!40101 SET character_set_client = @saved_cs_client */;

--
-- Dumping data for table `clip`
--

LOCK TABLES `clip` WRITE;
/*!40000 ALTER TABLE `clip` DISABLE KEYS */;
INSERT INTO `clip` VALUES (27,'the_whole_squad',29,NULL,'2023-09-12',0),(28,'how_far_do_enderpearls_go',29,NULL,'2023-09-12',0),(29,'im_going_to_come_in',41,NULL,'2023-09-12',0),(30,'flower_pot_incident',41,NULL,'2023-09-12',0),(31,'heath_luck',59,NULL,'2023-09-02',0),(32,'cryring',15,NULL,'2023-08-24',0),(33,'lightning',29,NULL,'2023-08-24',0),(34,'aroundtheworld',59,NULL,'2023-08-24',0),(35,'smallbug',15,NULL,'2023-07-03',0),(36,'Kelvin',46,NULL,'2023-02-25',0),(37,'GoombaStomp',46,NULL,'2023-02-24',0),(38,'marco_shleep',15,NULL,'2023-01-16',0),(39,'WheresWaldo',38,NULL,'2022-11-29',0),(55,'donde_esta_ellos',41,1,'2019-06-19',0),(54,'just_going_to_get_hentai',34,1,'2019-06-19',0),(53,'sledge_dies',41,1,'2019-06-19',0),(52,'oops_bye_ying_Small',41,1,'2019-06-19',0),(51,'if_you_die_you_die',41,1,'2019-06-19',0),(50,'10000_iq_Small',25,1,'2019-06-19',0),(56,'live_with_honor',34,1,'2019-06-19',0),(57,'AIDEN_THERES_A_SKELETON',44,6,'2019-06-19',0),(58,'earthshatter',29,6,'2019-06-19',0),(59,'lunkio',34,1,'2019-06-19',0),(60,'ambush',26,1,'2019-06-19',0),(61,'resurection_cancel',26,1,'2019-06-19',0),(62,'hidden',19,1,'2019-06-19',0),(63,'can_we_milk_FEUOWHWUOFHWUIOFRHF',45,6,'2019-06-19',0),(64,'also_hidden',34,1,'2019-06-19',0),(65,'if_you_c4_yourself_its_ok',41,1,'2019-06-19',0),(66,'rip_aidens_throat',41,6,'2019-06-19',0),(67,'timeguuuy',35,1,'2019-06-19',0),(68,'jinx_snipe',26,1,'2019-06-19',0),(69,'hirez',35,1,'2019-06-19',0),(70,'c4_eeeuuughhh',41,1,'2019-06-19',0),(71,'charge_off_cliff',34,1,'2019-06-19',0),(72,'dawson_claims_he_knows_they_dva_wow',34,1,'2019-06-19',0),(73,'holy_shit_jack',34,1,'2019-06-19',0),(74,'nice_landing',19,1,'2019-06-19',0),(75,'stupid_potg',34,1,'2019-06-19',0),(76,'the_milking_of_jigglypuff_will_occur',13,6,'2019-06-19',0),(77,'UHHHHHHHHH',34,6,'2019-06-19',0),(78,'ability_launch',34,1,'2019-06-19',0),(79,'easter_bunny',34,1,'2019-06-19',0),(80,'lame_flick',34,1,'2019-06-19',0),(81,'THE_PIT',29,6,'2019-06-19',0),(82,'Jason_hates_Heath',63,6,'2019-06-19',0),(83,'sil_vous_plez_weed',13,6,'2019-06-19',0),(84,'insane_throw',34,1,'2019-06-19',0),(85,'chicken_slaughter',29,1,'2019-06-19',0),(86,'murder',18,1,'2019-06-19',0),(87,'bopped_him_dk',34,1,'2019-06-19',0),(88,'heath_rap',5,1,'2019-09-06',0),(89,'phantoms',29,1,'2019-06-19',0),(90,'wow_skill',34,1,'2019-06-19',0),(91,'My_N...._Jack',15,6,'2019-06-19',0),(92,'death_cough_in_air',34,1,'2019-06-19',0),(93,'Oh_Guys_we_can_beat_up_kids_now',45,6,'2019-06-19',0),(94,'minecart_lava_clip',29,1,'2019-06-19',0),(95,'thank_god_for_half_a-',29,1,'2019-06-19',0),(96,'floorbloards',29,1,'2019-06-19',0),(97,'cockpit',41,1,'2019-06-19',0),(98,'le_rock',18,1,'2019-06-19',0),(99,'fire_on_joshua',44,1,'2019-06-19',0),(100,'Jason_owes_me_50_dollars',41,1,'2019-06-19',0),(101,'joshuaaa_boom_outa_nowhere',34,1,'2019-06-19',0),(102,'thank_god_for_r',34,1,'2019-06-19',0),(103,'overwatch_league_spotting',34,1,'2019-06-19',0),(104,'whaaaack',41,1,'2019-06-19',0),(105,'target_aquired',41,1,'2019-06-19',0),(106,'lucio_skulasha_cancel',34,1,'2019-06-19',0),(107,'sledge_hammer_kill',41,1,'2019-06-19',0),(108,'stupid_no_skin',19,1,'2019-06-19',0),(109,'aiden_take_on_non_americans',41,1,'2019-06-19',0),(110,'fucking_doc_why',41,1,'2019-06-19',0),(111,'less_talk_more_fight',13,6,'2019-06-19',0),(112,'are_you_in_going_through_labor',5,1,'2019-06-19',0),(113,'bird',41,1,'2019-06-19',0),(114,'marco_laugh',15,1,'2019-06-19',0),(115,'alibi_double',41,1,'2019-06-19',0),(116,'alibi_shotgun',41,1,'2019-06-19',0),(117,'dk_donkey_kong',NULL,1,'2019-06-19',0),(118,'triple_yeet',41,1,'2019-06-19',0),(119,'emp_kill',41,1,'2019-06-19',0),(120,'phantoms_nonono',29,1,'2019-06-19',0),(121,'this_is_why_im_executing_you',29,6,'2019-06-19',0),(122,'rubber_bands',15,6,'2019-06-19',0),(123,'TheParrotPlundererofPlunderOutpost',44,6,'2019-06-22',0),(124,'thats_me_the_wrench',25,6,'2019-06-26',0),(125,'climbingsimulator',44,6,'2019-06-26',0),(126,'My_n....._Jack...._AGAIN',15,6,'2019-06-26',0),(127,'Weldon_SPEAKS',41,6,'2019-07-09',0),(128,'sorry_gerbert',25,6,'2019-07-09',0),(129,'im_shooting_josh',29,1,'2019-07-14',0),(130,'okdawson',34,7,'2019-07-21',0),(131,'heath_is_the_boomerang',36,1,'2023-09-28',0),(132,'gorilla_sequence',36,1,'2023-09-29',0),(133,'stefenhawkingnolongeeexist',41,7,'2019-07-21',0),(134,'measeto',41,7,'2019-07-21',0),(135,'c4c4',41,7,'2019-07-21',0),(136,'merica',41,7,'2019-07-21',0),(137,'noammo',41,7,'2019-07-21',0),(138,'Woah_thats_sex',15,6,'2019-07-31',0),(139,'IM_NOT_HAPPY',34,1,'2019-08-04',0),(140,'corfish',29,1,'2019-08-05',0),(141,'sombra_polo',34,1,'2019-08-07',0),(142,'BANNED',29,1,'2019-08-10',0),(143,'lenny',29,1,'2019-08-10',0),(144,'WHYYYYYYYYY',29,6,'2019-08-15',0),(145,'a_one',29,1,'2019-08-15',0),(146,'nice_jack_2',29,6,'2019-08-17',0),(147,'jack_noises',29,6,'2019-08-17',0),(148,'shotgun_alibi_boom_ahah',41,1,'2019-08-18',0),(149,'DEMON',29,1,'2019-08-18',0),(150,'spooder',29,6,'2019-08-19',0),(151,'UH_OH',41,6,'2019-08-19',0),(152,'How',41,1,'2019-08-19',0),(153,'point_blank',41,6,'2019-08-19',0),(154,'kids_can_believe_in_religion',29,10,'2019-08-19',0),(155,'imatoneheart',29,10,'2019-08-19',0),(156,'REAL_ENEMY',41,7,'2019-08-19',0),(157,'the_real_enemy',41,1,'2019-08-20',0),(158,'ardoon',41,1,'2019-08-23',0),(159,'ByeDawson',41,6,'2019-08-23',0),(160,'hosh_10_my_faukt',41,1,'2019-08-23',0),(161,'oh_thats_you_is_it',60,1,'2019-08-26',0),(162,'death_by_defuse_Trim',41,1,'2019-08-26',0),(163,'heeeath',41,1,'2019-08-26',0),(164,'woosh',41,1,'2019-08-26',0),(165,'bandit',41,1,'2019-08-26',0),(166,'AIDENN',41,1,'2019-09-01',0),(167,'scuttle',41,1,'2019-09-02',0),(168,'Iaiden',41,1,'2019-09-07',0),(169,'adam_sandl',25,6,'2019-09-07',0),(170,'bang',41,6,'2019-09-07',0),(171,'Masivo_Trim',34,1,'2019-09-08',0),(172,'berd',29,1,'2019-09-08',0),(223,'the_great_fall',43,6,'2020-01-20',0),(174,'alibi_ham',41,1,'2019-09-23',0),(175,'dont_go_in_the_bush',26,1,'2019-10-02',0),(176,'n_word',26,6,'2019-10-03',0),(177,'surrenderr',26,1,'2019-10-11',0),(178,'ni-',26,6,'2019-10-11',0),(179,'upsidedown',44,1,'2019-10-11',0),(180,'god',44,1,'2019-10-11',0),(181,'aidensnatch',44,1,'2019-10-11',0),(182,'90_degree_turn',44,6,'2019-10-11',0),(183,'snatch',44,6,'2019-10-11',0),(184,'marcoham',26,1,'2019-10-13',0),(185,'ladder',13,6,NULL,0),(186,'akali_zoom',26,1,'2019-10-26',0),(187,'kapkan',41,1,'2019-10-31',0),(188,'thT_UM',15,1,'2019-11-17',0),(189,'karmka_I_spose',26,1,'2019-10-28',0),(190,'kayn',26,1,'2019-11-28',0),(191,'ornn_is_dead',26,10,'2019-11-29',0),(192,'Lipetz_idle_animation',26,6,'2019-12-06',0),(193,'high_ping',54,1,'2020-10-04',0),(194,'spooksani',7,1,'2020-01-05',0),(195,'blitzungus',26,1,'2020-01-05',0),(196,'noises',24,6,'2020-01-11',0),(197,'SNAIL',54,1,'2020-01-12',0),(198,'goodbye_ball_boy',21,6,'2020-01-19',0),(199,'PARCHAMP',21,1,'2020-01-19',0),(200,'rock_yoink',26,6,'2020-01-19',0),(201,'the_ditcher',54,1,'2020-01-20',0),(202,'listen_here_holmes',21,1,'2020-01-20',0),(203,'cross',21,1,'2020-01-20',0),(204,'showmemonney',34,7,'2020-01-20',0),(205,'josh_thinks_the_book_is_anime',41,1,'2020-01-20',0),(206,'chair',41,7,'2020-01-20',0),(207,'Cabinet_Basher',52,6,'2020-01-20',0),(208,'oK_DAWSON',41,7,'2020-01-20',0),(209,'mute',41,7,'2020-01-20',0),(210,'windmill',52,6,'2020-01-20',0),(211,'jumpscare',41,7,'2020-01-20',0),(212,'jahsh',44,6,'2020-01-20',0),(213,'JASONNN_Small',41,1,'2020-01-20',0),(214,'fuck_you',41,6,'2020-01-20',0),(215,'sledge_drop',41,1,'2020-01-20',0),(216,'Jason_killed_heem_Small',29,1,'2020-01-20',0),(217,'gentleman',48,6,'2020-01-20',0),(218,'mission_failed',43,6,'2020-01-20',0),(219,'josh_Small',29,1,'2020-01-20',0),(220,'high-stakes_helicopter_yoink',43,6,'2020-01-20',0),(221,'josh_goes_in_Small',29,1,'2020-01-20',0),(222,'missons_Small',29,1,'2020-01-20',0),(224,'hasta_la_vis',6,1,'2020-01-20',0),(225,'see_ya_Small',6,1,'2020-01-20',0),(226,'madehimham',41,10,'2020-01-20',0),(227,'monkman',5,10,'2020-01-20',0),(228,'fnaf_jumpscare',34,1,'2020-01-20',0),(229,'joshpuke',41,10,'2020-01-20',0),(230,'its_okay',41,1,'2020-01-20',0),(231,'2_rat_3_rat_FOUR',26,6,'2020-01-20',0),(232,'Jason_sacrafice_Small',44,1,'2020-01-20',0),(233,'marco_noises',26,6,'2020-01-20',0),(234,'rock',44,10,'2020-01-20',0),(235,'back_from_the_dead',10,15,'2021-01-01',0),(236,'zoomed_in',26,6,'2020-01-20',0),(237,'Desktop_2021.01.20_-_11.25.50.02.DVR_Trim',15,10,'2021-01-20',0),(480,'awwww',36,1,'2023-10-02',0),(239,'kingly_jack',13,6,'2021-01-25',0),(240,'wow_skill_Small_1',34,1,'2020-01-20',0),(241,'fattycat09',43,6,'2021-01-25',0),(242,'big_throw_all_time',34,1,'2020-01-20',0),(243,'Alfred_sus_2021.02.07_-_11.32.51.02.DVR_Trim',41,5,'2021-02-07',0),(244,'qiyana',26,6,'2020-01-20',0),(245,'the_name_change',15,6,'2020-01-20',0),(246,'Marco_sus_2021.02.07_-_15.35.12.03.DVR_Trim',41,5,'2021-02-07',0),(247,'the_bot',25,10,'2020-01-20',0),(248,'hes_out',15,6,'2020-01-20',0),(249,'wait_',61,11,'2021-01-26',0),(250,'bing',41,1,'2021-02-09',0),(251,'MaxActuallyDies',50,1,'2021-02-15',0),(252,'he_chillin',56,6,'2021-02-15',0),(253,'snarl',41,10,'2021-02-18',0),(254,'LilBri',16,1,'2021-02-18',0),(255,'Racist_Alfred_2021.02.18_-_16.52.26.20.DVR_Trim',26,5,'2021-02-18',0),(256,'SPOILER_a_1',10,13,'2021-02-18',0),(257,'graph',15,10,'2021-02-24',0),(258,'yummy..._burp',44,6,'2021-02-25',0),(259,'e_eee-_ee_e-e_e',25,6,'2020-01-20',0),(260,'line_of_fire',44,6,'2021-02-25',0),(261,'summon_bros',13,6,'2020-01-20',0),(262,'alfred_want_D_2019_2021.03.03_-_19.43.39.02.DVR_Trim',10,5,'2021-03-05',0),(263,'Place_is_full_of_rats',54,6,'2020-01-25',0),(264,'Dawson_PTSD_2021.03.19_-_22.23.16.42.DVR_Trim',37,5,'2021-03-20',0),(265,'impale',50,1,'2020-01-26',0),(266,'joshquestion',50,1,'2020-01-26',0),(267,'Ohp._Hi',37,8,'2021-03-22',0),(268,'Desktop_2021.03.25_-_16.34.05.05.DVR_Trim',20,17,'2021-03-28',0),(269,'goosefoot',54,6,'2020-01-27',0),(270,'boom',54,6,'2020-01-27',0),(271,'Sernas_sus2021.03.28_-_19.39.48.57.DVR_Trim',37,5,'2021-03-29',0),(272,'followme',29,1,'2021-04-02',0),(273,'hole_in_1',21,1,'2020-01-31',0),(274,'arkipelhago_map',50,1,'2020-02-01',0),(275,'swing_at_them',40,18,'2021-04-15',0),(276,'bye_dawson',8,6,'2020-02-01',0),(277,'execution',29,6,'2020-02-01',0),(278,'mf_jdrizzle',26,17,'2021-04-30',0),(279,'doodoo',54,1,'2020-02-02',0),(280,'gocrazy',50,1,'2020-02-03',0),(281,'bzzzzt',5,6,'2020-02-04',0),(282,'TheBeam',5,1,'2020-02-07',0),(283,'Bobby',5,1,'2020-02-07',0),(284,'racer_fan',41,17,'2021-04-30',0),(285,'T_H_E_L_O_O_P',21,1,'2020-02-08',0),(286,'succ',20,17,'2021-04-30',0),(287,'ornnpose',26,1,'2020-02-13',0),(288,'curse_of_the_peaceball',44,6,'2021-05-08',0),(289,'ratbashhow',26,1,'2020-02-13',0),(290,'Gabey',26,8,'2021-05-18',0),(291,'Anger',29,7,'2020-02-16',0),(292,'Desktop_2021.05.08_-_20.09.45.02.DVR_Trim',26,17,'2021-05-26',0),(293,'train',8,6,'2020-02-24',0),(294,'Desktop_2021.06.07_-_00.53.30.10.DVR_Trim',15,10,'2021-06-07',0),(295,'crunch',8,6,'2020-02-24',0),(296,'jack_cho_cummies',26,17,'2021-07-10',0),(297,'QUIET',9,1,'2020-02-28',0),(298,'Fortnite_2021.08.14_-_17.45.35.06.DVR_Trim',19,7,'2021-08-14',0),(299,'hammimus_maximus',26,1,'2020-03-12',0),(300,'League_of_Legends_2021.09.04_-_15.56.31.02.DVR_Trim',26,17,'2021-09-04',0),(301,'Track_Team1',5,1,'2020-03-14',0),(302,'oriiii',32,1,'2020-03-14',0),(303,'rage_turkey',15,17,'2021-09-11',0),(304,'2222 (1)',26,10,'2021-09-20',0),(305,'spotify_ad',15,6,'2020-03-15',0),(306,'hes_out_rolling',13,6,'2020-03-15',0),(307,'YOUR_NAME_IS_ADRIEN',26,6,'2021-11-19',0),(308,'round_and_round',9,6,'2020-03-17',0),(309,'karma',13,6,'2021-11-28',0),(310,'bruh',23,1,'2020-03-22',0),(311,'boobies_AAAAaaaaaa',15,6,'2021-12-25',0),(312,'from_world_war_2',15,6,'2020-03-23',0),(313,'indecisive_ward',26,6,'2020-03-23',0),(314,'business',9,10,'2021-12-29',0),(315,'dk',28,1,'2020-04-04',0),(316,'arealman',28,1,'2020-04-04',0),(317,'ohmygod',28,1,'2020-04-04',0),(318,'bookbash',47,1,'2020-04-05',0),(319,'tracer_1',34,1,'2020-04-06',0),(320,'stagecoach',42,6,'2020-04-07',0),(321,'monkeydan (1)',26,10,'2022-01-08',0),(322,'bowser_mask',28,1,'2020-04-07',0),(323,'TheShed',29,1,'2022-06-03',0),(324,'Shut',29,1,'2020-04-11',0),(325,'saidyouwerehelping',47,1,'2020-04-12',0),(326,'AwardWinna',40,1,'2022-06-03',0),(327,'four',29,1,'2020-04-12',0),(328,'JackHeathArdoon',44,1,'2022-06-04',0),(329,'globOh',29,1,'2020-04-15',0),(330,'IsThereAShork',44,1,'2022-06-04',0),(331,'oo_dada_E_ah_OO_dada_E_oo_dada_E_da_EE',57,1,'2020-04-16',0),(332,'ExcellentNews',16,1,'2022-06-04',0),(333,'Nidalee_lore',26,17,'2022-07-19',0),(334,'acrobatics',42,6,'2020-04-16',0),(335,'AhHellNah',38,1,'2022-11-19',0),(336,'Alfredo_moaning',29,15,'2020-04-18',0),(337,'YoinkySpoinky',38,1,'2021-11-21',0),(338,'ulttothebomb',57,1,'2020-04-19',0),(339,'NowWeGo',57,1,'2020-04-19',0),(340,'wereGunnaPopOff',57,1,'2020-04-19',0),(341,'imDowJones',57,1,'2020-04-19',0),(342,'itstime',57,1,'2020-04-19',0),(343,'back_at_the_helm',26,6,'2020-04-19',0),(344,'pipe_reyes',62,10,'2020-04-21',0),(345,'throat',15,1,'2020-04-22',0),(346,'Alfred_Gay_Confirmed',10,15,'2020-04-22',0),(347,'CROSSHAIR',57,1,'2020-04-24',0),(348,'lied',16,1,'2020-04-24',0),(349,'stanley',53,1,'2020-04-25',0),(350,'rat',57,1,'2020-04-25',0),(351,'mybrain',26,1,'2020-04-25',0),(352,'outplayed',43,6,'2020-05-03',0),(353,'trap',26,6,'2020-05-03',0),(354,'angry_skeleton',15,6,'2020-04-03',0),(355,'giveup',57,1,'2020-05-03',0),(356,'actually_gaming',57,1,'2020-05-06',0),(357,'massive_plays_watch_left_screen',14,6,'2020-05-08',0),(358,'head_bash',14,6,'2020-05-08',0),(359,'horror_movie',14,6,'2020-05-08',0),(360,'cheese_stretch',14,6,'2020-05-19',0),(361,'i_can_phase',57,1,'2020-05-11',0),(362,'VICTORY..._rolled',13,6,'2020-05-11',0),(363,'plonk',57,6,'2020-05-11',0),(364,'double_shotgun',57,6,'2020-05-11',0),(365,'hedshat',57,6,'2020-05-11',0),(366,'bigshot',57,1,'2020-05-13',0),(367,'eathshatter3',26,1,'2020-05-16',0),(368,'weeeeeee',27,6,'2020-05-16',0),(369,'are_you_ok',57,6,'2020-05-16',0),(370,'the_council_will_decide_your_fate',15,6,'2020-05-11',0),(371,'photoshop',15,6,'2020-05-24',0),(372,'1_2_3',15,1,'2020-05-26',0),(373,'intothevoid',30,1,'2020-05-28',0),(374,'thedemonsreturn',29,1,'2020-05-31',0),(375,'pride_month',26,6,'2020-06-03',0),(376,'shotintheheadtho',57,1,'2020-06-03',0),(377,'raccoon',55,1,'2020-06-05',0),(378,'death',29,7,'2020-06-15',0),(379,'thewindow',55,1,'2020-06-17',0),(380,'Ultimate_Chicken_Horse_2020.04.01_-_21.54.10.04.DVR_Trim',55,15,'2020-06-17',0),(381,'HAM_MODE',57,1,'2020-06-24',0),(382,'Rust_2020-06-25_22-33-14_Trim',43,17,'2020-06-26',0),(383,'hoshua_scream',57,1,'2020-06-26',0),(384,'youShouldBehaedHim',15,1,'2020-06-28',0),(385,'he_wants_to_hit_plat__juicer_drift',22,17,'2020-07-03',0),(386,'wow',26,10,'2020-07-06',0),(387,'Hoshua_yawn',57,1,'2020-07-09',0),(388,'Sid_Meiers_Civilization_VI_DX11_2020-07-12_17-42-57',11,17,'2020-07-24',0),(389,'VALORANT_2020-05-17_23-12-10_Trim',57,17,'2020-07-27',0),(390,'EEE',47,1,'2020-07-27',0),(391,'SuicideBomb',47,1,'2020-07-27',0),(392,'Call_of_Duty_Modern_Warfare_2019_2020.08.05_-_13.59.56.48.DVR_Trim',10,5,'2020-08-06',0),(393,'Call_of_Duty_Modern_Warfare_2019_2020.08.05_-_22.32.57.38.DVR_Trim',10,15,'2020-08-06',0),(394,'karma_fall_gus',17,1,'2020-08-09',0),(395,'jasonvoid3dailyjc',15,1,'2020-08-11',0),(396,'how_to_park_in_gta_',22,17,'2020-08-11',0),(397,'tailsnag',17,1,'2020-08-13',0),(398,'iMadeBatman',15,1,'2020-08-24',0),(399,'hitler',16,1,'2020-08-25',0),(400,'byechris',17,1,'2020-08-30',0),(401,'theyfixeditr',17,1,'2020-08-30',0),(402,'KO',22,17,'2020-08-30',0),(403,'flameMail',29,10,'2020-08-31',0),(404,'Grand_Theft_Auto_V_2020-09-02_00-12-18_Trim',22,17,'2020-09-04',0),(405,'sat_cancelled',17,7,'2020-09-05',0),(406,'Among_Us_2020.09.07_-_16.24.30.03.DVR_Trim',4,10,'2020-09-07',0),(407,'ohhhhhhhh_pkHOh12a.compressed',17,7,'2020-09-10',0),(408,'earth_shatter_v3',29,10,'2020-09-10',0),(409,'rage_cant_speak',22,15,'2020-09-10',0),(410,'rage_cant_speak_pt_2',22,15,'2020-09-10',0),(411,'zoomAudio',16,1,'2020-09-15',0),(412,'AwkSilence',16,1,'2020-09-17',0),(413,'Misplaced_Redemption',26,16,'2020-09-22',0),(414,'Desktop_2020.09.21_-_22.59.39.03.DVR_Trim',15,10,'2020-09-22',0),(415,'Desktop_2020.09.23_-_09.45.27.03.DVR_Trim',16,10,'2020-09-23',0),(416,'Daniel_AHHHHHH',26,17,'2020-09-26',0),(417,'LEVEL5',37,1,'2020-09-29',0),(418,'LateForMeeting',4,1,'2020-09-29',0),(419,'ProBoxer',31,1,'2020-09-29',0),(420,'dawscream',37,1,'2020-10-02',0),(421,'SernASS_kills_xqc',36,7,'2020-10-05',0),(422,'Desktop_2020.10.06_-_10.47.42.02.DVR_Trim',16,25,'2020-10-06',0),(423,'Taxes',16,7,'2020-10-06',0),(424,'deadmouse',16,10,'2020-10-08',0),(425,'Dawson_succ_2019_2020.07.08_-_22.13.43.35.DVR_Trim',10,5,'2020-10-15',0),(426,'joshtypebeat',16,19,'2020-10-16',0),(427,'General_-_Discord_2020-10-17_13-34-36_Trim',26,17,'2020-10-17',0),(428,'Dawson_Racist',17,16,'2020-10-18',0),(429,'Cassie_Pentakill',35,16,'2020-10-18',0),(430,'the_dance',4,6,'2020-10-23',0),(431,'SPOILER_a',10,13,'2020-10-23',0),(432,'DEVONE',16,1,'2020-10-02',0),(433,'Apex_Legends_2020.11.06_-_15.24.24.03.DVR_Trim',5,7,'2020-11-07',0),(434,'Among_Us_2020.11.07_-_21.07.38.04.DVR_Trim_Trim',4,7,'2020-11-07',0),(435,'late_night_heath',5,6,'2020-11-09',0),(436,'Call_of_Duty_Modern_Warfare_2019_2020.11.11_-_18.05.55.75.DVR_Trim',10,5,'2020-11-12',0),(437,'marco_shitass_funny',37,15,'2020-11-15',0),(438,'revenant',5,6,'2020-11-18',0),(439,'VOID',5,1,'2020-11-19',0),(440,'daniel_will_give_you_top',20,17,'2020-11-20',0),(441,'Bartok',16,1,'2020-11-23',0),(442,'dont_give_up_guys',6,15,'2020-11-28',0),(443,'Desktop_2020.11.08_-_21.06.09.88.DVR_Trim',15,5,'2020-11-30',0),(444,'Phasmophobia_2020.12.02_-_20.54.08.85.DVR_Trim_2',37,15,'2020-12-02',0),(445,'Trapped',37,1,'2020-12-02',0),(446,'dawson_murder',5,6,'2020-12-03',0),(447,'chaos',5,6,'2020-12-03',0),(448,'boom_snatch',44,6,'2020-12-03',0),(449,'ThisKong',39,1,'2020-12-05',0),(450,'Phasmophobia_2020.12.08_-_21.03.54.30.DVR_Trim',37,15,'2020-12-08',0),(451,'chacha',4,1,'2020-12-13',0),(452,'rockpaperdeath',4,1,'2020-12-13',0),(453,'OrnnSteal',26,1,'2020-12-14',0),(454,'Desktop_2020.12.14_-_13.48.04.03.DVR_Trim',16,13,'2020-12-14',0),(455,'jammin',37,15,'2020-12-15',0),(456,'Maxims_Archives_gone_destroyed',20,17,'2020-12-17',0),(457,'oh_shi-',4,6,'2020-12-21',0),(458,'magic_trick',4,6,'2020-12-21',0),(459,'eeeee',4,1,'2020-12-21',0),(460,'getaway',4,1,'2020-12-21',0),(461,'questchinmark',44,1,'2020-12-26',0),(462,'what',29,1,'2020-12-26',0),(463,'doorway',29,1,'2020-12-28',0),(464,'abiel_sus_2020.12.30_-_17.52.09.19.DVR_Trim',29,5,'2020-12-30',0),(465,'Dawson_AH_HA_HA',52,15,'2021-01-06',0),(466,'rage_fucked_up',10,15,'2021-01-08',0),(467,'Bitch_ass_nigga_',10,15,'2021-01-11',0),(468,'Daniel_sneezin',10,15,'2021-01-11',0),(469,'dawsons_had_enough_of_me',10,15,'2021-01-15',0),(470,'Alfred_moan',10,15,'2021-01-24',0),(471,'rage_the_straight_bitch',10,15,'2021-02-07',0),(472,'GG',37,15,'2021-03-18',0),(473,'speedrun',37,15,'2021-03-18',0),(474,'burp',37,15,'2021-05-27',0),(475,'To_the_right',10,15,'2021-08-05',0),(476,'rage_sleeps_with_men',6,15,'2021-08-18',0),(477,'the_alfred_emote',10,15,'2021-12-02',0),(478,'Phasmophobia_2022.02.13_-_14.20.50.19.DVR_Trim',37,18,'2022-02-13',0),(479,'hm',29,18,'2022-10-01',0),(481,'Untitled video - Made with Clipchamp',26,10,'2023-10-06',0),(482,'get_out_of_way',29,1,'2023-10-20',0),(483,'halloween_jumpscare',10,15,'2023-10-27',0),(484,'this_game_sucks',41,10,'2023-10-27',0),(485,'tire_swing',19,15,'2023-11-09',0),(486,'watch_out_for_kapkan_traps',41,1,'2023-11-09',0),(505,'fall_from_grace',19,1,'2023-11-11',0),(506,'default_dance',19,1,'2023-11-16',0),(507,'the_darkness',64,1,'2023-11-17',0),(508,'ice_cream',64,1,'2023-11-18',0),(509,'preston_where_are_you',64,1,'2023-11-18',0),(512,'jason_beats',64,1,'2023-11-20',0),(511,'Jump_Trials',64,16,'2023-11-18',0),(513,'theres_a_turret_people',64,1,'2023-11-20',0),(514,'both_sides_of_you',64,1,'2023-11-20',0),(515,'turret_edit',64,11,'2023-11-20',0),(516,'he_talked_about_league',64,1,'2023-11-20',0),(517,'he_figured_it_out',64,1,'2023-11-20',0),(518,'i_think_he_got_smushed',64,1,'2023-11-20',0),(519,'scream_compilation',64,18,'2023-11-21',0),(520,'O hell nAAAAAAAAAAA @rage',64,13,'2023-11-29',0),(521,'outro_ranked_josh_freestyle_collab',41,17,'2024-03-06',0),(522,'team_beef',41,17,'2024-02-28',0),(523,'god has punished you',59,1,'2024-04-28',0),(524,'wtf_was_that',29,1,'2024-08-24',0),(525,'ability_patch',29,1,'2024-09-04',0),(526,'daniel_your_dying',29,1,'2024-09-05',0),(527,'any_worders',29,1,'2024-09-05',0);
/*!40000 ALTER TABLE `clip` ENABLE KEYS */;
UNLOCK TABLES;

--
-- Table structure for table `clip_person`
--

DROP TABLE IF EXISTS `clip_person`;
/*!40101 SET @saved_cs_client     = @@character_set_client */;
/*!50503 SET character_set_client = utf8mb4 */;
CREATE TABLE `clip_person` (
  `clip_id` int NOT NULL,
  `person_id` int NOT NULL,
  KEY `clip_id` (`clip_id`),
  KEY `user_id` (`person_id`)
) ENGINE=MyISAM DEFAULT CHARSET=utf8mb3;
/*!40101 SET character_set_client = @saved_cs_client */;

--
-- Dumping data for table `clip_person`
--

LOCK TABLES `clip_person` WRITE;
/*!40000 ALTER TABLE `clip_person` DISABLE KEYS */;
INSERT INTO `clip_person` VALUES (27,1),(27,19),(28,1),(28,10),(28,16),(29,1),(29,5),(29,7),(30,1),(30,5),(30,7),(30,8),(30,15),(32,1),(32,10),(32,16),(33,1),(33,19),(34,1),(34,10),(34,18),(35,1),(35,10),(35,6),(36,1),(36,6),(37,1),(37,6),(37,8),(37,17),(38,1),(38,12),(38,14),(38,15),(38,17),(39,1),(39,6),(39,18),(55,6),(55,7),(54,18),(53,12),(53,1),(52,1),(51,9),(51,1),(50,9),(50,10),(50,19),(50,1),(50,8),(50,6),(55,1),(55,10),(56,7),(56,1),(56,18),(57,7),(57,6),(57,1),(57,10),(58,10),(59,1),(60,20),(60,1),(60,18),(60,10),(60,12),(60,5),(61,1),(62,1),(63,9),(64,1),(65,7),(65,20),(65,8),(65,1),(65,10),(65,5),(66,7),(66,1),(67,7),(67,1),(68,1),(68,10),(69,7),(69,1),(70,1),(70,9),(70,5),(71,1),(72,1),(73,1),(73,19),(73,9),(74,1),(75,1),(75,10),(76,9),(77,6),(77,10),(78,1),(79,1),(80,1),(80,10),(81,6),(82,18),(82,10),(83,6),(83,19),(83,9),(84,7),(84,6),(84,1),(84,10),(84,9),(85,1),(86,1),(87,1),(88,18),(88,10),(89,1),(90,1),(90,9),(91,19),(91,15),(92,1),(93,6),(93,19),(93,10),(94,1),(94,10),(94,9),(95,1),(95,10),(95,9),(96,1),(96,10),(97,1),(97,10),(97,5),(98,1),(99,6),(99,1),(99,9),(100,1),(100,10),(101,1),(101,9),(102,10),(103,8),(103,1),(103,10),(103,9),(104,1),(104,10),(105,1),(105,10),(106,1),(106,10),(107,1),(107,18),(107,10),(107,9),(107,5),(108,7),(108,1),(109,7),(110,1),(110,10),(110,9),(111,6),(111,19),(111,9),(111,21),(112,1),(112,10),(112,9),(113,1),(113,10),(113,9),(114,20),(114,1),(114,9),(114,12),(114,15),(115,1),(115,5),(116,8),(116,1),(116,10),(116,12),(118,1),(119,7),(119,1),(119,18),(120,1),(120,15),(121,6),(121,18),(121,9),(122,6),(122,1),(122,19),(122,10),(122,9),(123,7),(123,6),(123,10),(124,6),(124,1),(124,19),(124,10),(125,7),(125,6),(125,1),(125,10),(126,6),(126,19),(126,15),(127,7),(127,6),(127,19),(128,21),(129,1),(129,9),(130,7),(130,8),(130,18),(130,10),(131,7),(131,8),(131,1),(131,18),(132,16),(132,7),(132,8),(132,1),(132,18),(132,10),(133,7),(133,22),(134,7),(134,1),(134,10),(135,7),(135,18),(136,7),(136,1),(137,7),(137,10),(138,6),(138,1),(138,10),(139,1),(139,18),(139,10),(140,1),(140,18),(140,10),(141,7),(141,1),(142,1),(142,10),(142,9),(143,1),(143,10),(143,9),(144,6),(144,10),(144,9),(145,6),(145,1),(145,10),(146,6),(146,19),(147,19),(148,1),(149,7),(149,6),(149,1),(150,6),(150,9),(151,6),(151,1),(151,10),(151,9),(152,6),(152,1),(152,10),(153,6),(153,1),(153,18),(153,10),(154,6),(154,10),(155,6),(155,18),(155,10),(156,7),(156,1),(156,18),(156,10),(157,7),(157,1),(157,18),(157,10),(158,6),(158,1),(159,6),(159,1),(160,1),(160,10),(160,9),(161,1),(161,10),(162,1),(162,10),(162,15),(163,7),(163,1),(163,18),(163,5),(164,1),(164,10),(165,1),(165,9),(166,7),(166,1),(167,1),(167,10),(168,7),(168,1),(168,10),(168,9),(169,6),(169,18),(169,10),(169,9),(170,7),(170,6),(170,10),(170,9),(171,1),(172,1),(172,10),(173,1),(173,10),(174,1),(174,10),(174,9),(175,6),(175,1),(175,5),(176,6),(176,9),(177,7),(177,6),(177,1),(177,18),(177,10),(177,17),(178,6),(178,18),(179,7),(179,6),(179,1),(180,7),(180,6),(180,1),(181,7),(181,6),(181,1),(182,7),(182,6),(182,1),(182,10),(183,7),(183,6),(183,1),(183,10),(184,1),(184,12),(184,5),(185,6),(185,9),(186,1),(186,12),(187,1),(187,12),(187,5),(188,7),(188,1),(188,10),(189,6),(189,1),(190,6),(190,1),(190,10),(191,6),(191,1),(191,18),(191,10),(192,6),(192,1),(192,18),(193,1),(194,1),(195,1),(195,18),(195,5),(196,6),(196,10),(196,9),(196,21),(197,1),(198,6),(198,1),(198,10),(199,7),(199,1),(199,18),(199,10),(200,6),(200,10),(201,1),(202,7),(203,7),(203,6),(203,1),(203,18),(203,10),(204,7),(204,19),(205,7),(205,1),(205,18),(205,10),(205,9),(206,7),(206,6),(206,1),(207,6),(207,1),(208,7),(208,1),(208,10),(209,7),(209,18),(210,6),(210,1),(211,7),(212,7),(212,6),(212,1),(212,10),(212,9),(213,6),(213,1),(213,10),(213,9),(214,6),(214,18),(215,1),(215,10),(216,1),(216,10),(216,9),(217,6),(217,21),(218,6),(218,8),(218,17),(219,16),(219,1),(219,18),(219,9),(219,15),(220,6),(220,8),(220,17),(221,1),(221,9),(222,6),(222,1),(222,19),(222,10),(223,6),(223,17),(224,1),(224,5),(225,1),(226,1),(226,10),(226,9),(227,1),(227,18),(227,10),(228,7),(228,1),(228,18),(229,8),(229,1),(229,10),(229,9),(230,7),(230,8),(230,1),(230,10),(230,5),(231,6),(231,1),(232,7),(232,1),(232,10),(233,12),(234,7),(234,6),(234,1),(234,10),(235,5),(235,15),(236,6),(236,1),(236,10),(236,12),(237,17),(237,15),(238,1),(238,10),(238,9),(239,7),(239,19),(239,10),(240,7),(240,1),(240,9),(241,6),(242,7),(242,6),(242,1),(242,10),(242,9),(243,20),(243,5),(243,15),(244,20),(244,6),(244,1),(244,10),(244,12),(244,5),(245,6),(245,8),(245,10),(245,9),(246,12),(246,13),(246,5),(247,6),(247,10),(247,9),(248,6),(248,12),(249,16),(249,11),(249,13),(250,1),(250,5),(251,1),(251,18),(252,6),(252,19),(253,7),(253,6),(253,1),(253,10),(254,23),(254,1),(254,22),(255,20),(255,12),(255,5),(256,13),(256,5),(257,1),(257,10),(258,6),(258,17),(259,6),(259,9),(259,21),(260,6),(260,8),(260,17),(261,6),(261,21),(262,20),(262,12),(262,5),(263,6),(264,1),(264,5),(264,15),(265,1),(265,18),(266,7),(266,1),(266,18),(266,9),(267,8),(267,1),(267,15),(268,8),(268,17),(269,6),(269,1),(270,6),(270,18),(270,17),(271,5),(271,15),(272,1),(272,5),(273,7),(273,6),(273,1),(273,18),(273,10),(273,9),(274,1),(274,18),(274,10),(275,6),(275,8),(275,1),(275,10),(275,15),(276,6),(276,1),(277,6),(278,8),(278,10),(278,17),(278,12),(279,1),(280,1),(280,18),(281,6),(281,1),(281,10),(282,1),(282,18),(282,10),(283,6),(283,1),(283,18),(283,10),(284,1),(284,18),(284,17),(285,7),(285,6),(285,1),(285,18),(285,10),(286,6),(286,8),(286,1),(286,17),(287,6),(287,1),(288,6),(288,1),(288,10),(289,6),(289,1),(289,10),(290,8),(290,17),(290,12),(291,7),(291,10),(291,21),(292,16),(292,6),(292,1),(292,10),(292,17),(293,6),(294,19),(294,10),(294,17),(295,6),(295,1),(296,19),(296,17),(297,6),(297,1),(297,10),(297,21),(298,7),(298,18),(299,6),(299,1),(299,10),(300,8),(300,18),(300,17),(301,1),(302,1),(303,20),(303,17),(303,12),(303,5),(303,15),(304,6),(304,18),(304,10),(305,6),(305,8),(305,19),(306,6),(306,19),(306,9),(307,6),(307,18),(307,10),(308,7),(308,6),(308,10),(308,22),(309,6),(310,1),(311,19),(312,6),(312,9),(313,6),(313,10),(314,7),(314,6),(314,18),(314,10),(315,8),(315,1),(315,10),(315,9),(316,8),(316,1),(316,10),(317,8),(317,1),(317,10),(317,9),(318,1),(318,15),(319,8),(319,1),(320,6),(320,19),(320,21),(321,6),(321,8),(321,18),(321,10),(321,17),(322,8),(322,1),(322,9),(323,6),(323,8),(323,1),(324,7),(324,6),(324,1),(324,10),(324,15),(325,1),(325,15),(326,6),(326,1),(326,10),(326,15),(327,7),(327,1),(327,18),(327,10),(328,6),(328,1),(328,18),(328,19),(329,1),(329,10),(330,6),(330,1),(330,10),(330,17),(331,6),(331,1),(331,9),(332,24),(332,1),(332,18),(333,10),(333,17),(334,6),(334,21),(335,1),(335,18),(335,10),(335,14),(336,20),(336,15),(337,1),(337,10),(338,7),(338,1),(338,10),(339,7),(339,1),(339,9),(340,7),(340,1),(341,7),(341,1),(341,10),(341,9),(342,1),(342,9),(343,6),(343,1),(344,10),(344,17),(345,1),(345,10),(345,17),(346,20),(346,5),(346,15),(347,7),(347,1),(347,9),(348,26),(349,1),(350,7),(350,1),(351,6),(351,1),(351,10),(352,6),(352,17),(353,6),(354,6),(355,1),(355,9),(356,8),(356,1),(357,6),(357,1),(357,9),(358,6),(358,1),(358,10),(358,17),(359,6),(359,1),(360,6),(360,1),(361,1),(361,10),(362,6),(363,7),(363,6),(363,1),(363,19),(363,10),(364,7),(364,6),(364,19),(364,10),(365,6),(366,1),(367,1),(367,18),(367,10),(368,6),(369,7),(369,6),(369,19),(370,6),(370,18),(371,6),(371,19),(372,6),(372,1),(372,10),(373,1),(373,10),(374,1),(375,6),(375,1),(376,1),(376,19),(376,9),(376,17),(377,6),(377,1),(377,10),(377,15),(378,16),(378,7),(379,6),(379,1),(379,9),(379,15),(380,8),(380,9),(380,5),(380,15),(381,1),(381,10),(381,9),(382,6),(382,17),(383,8),(383,1),(383,9),(384,7),(384,6),(384,1),(384,19),(384,9),(385,17),(386,10),(387,1),(387,10),(387,9),(387,22),(388,16),(388,17),(388,5),(388,15),(389,17),(390,1),(390,15),(391,1),(391,15),(392,5),(393,5),(393,15),(394,1),(394,18),(394,15),(395,1),(395,10),(395,17),(396,17),(397,1),(397,17),(397,15),(398,16),(398,1),(398,14),(399,1),(400,1),(400,15),(401,8),(401,1),(401,18),(402,17),(403,1),(403,10),(404,17),(405,16),(405,7),(405,1),(405,18),(406,16),(406,1),(406,10),(407,7),(407,1),(408,6),(408,19),(408,10),(409,17),(409,5),(409,15),(410,17),(410,12),(410,5),(410,15),(411,24),(411,1),(411,18),(412,7),(412,1),(413,16),(414,1),(414,10),(414,12),(415,10),(416,16),(416,8),(416,10),(416,17),(417,1),(417,10),(418,7),(418,1),(418,18),(418,12),(418,15),(419,1),(420,1),(421,15),(422,10),(423,7),(423,1),(424,10),(424,25),(425,1),(425,5),(425,15),(426,19),(426,9),(427,8),(427,18),(427,17),(428,16),(428,1),(428,10),(429,16),(430,6),(430,10),(430,9),(431,13),(431,5),(432,1),(433,7),(433,1),(433,18),(434,7),(434,6),(434,1),(434,18),(434,10),(435,6),(435,1),(435,18),(436,13),(436,5),(437,20),(437,12),(437,5),(437,15),(438,6),(439,6),(439,1),(439,18),(439,10),(440,8),(440,17),(441,7),(441,1),(442,13),(442,5),(442,15),(443,5),(443,15),(444,5),(444,15),(445,8),(445,5),(445,15),(446,6),(446,1),(446,9),(447,6),(447,1),(448,7),(448,6),(448,1),(448,19),(448,21),(449,1),(449,10),(450,1),(450,5),(450,15),(451,6),(451,8),(451,1),(451,18),(451,12),(451,15),(452,1),(452,5),(453,16),(453,1),(453,10),(454,11),(454,13),(454,14),(455,13),(455,5),(455,15),(456,17),(456,22),(457,6),(457,18),(457,5),(458,6),(458,1),(458,5),(458,15),(459,1),(459,18),(459,10),(459,13),(459,5),(459,15),(460,1),(460,18),(461,1),(462,16),(462,7),(462,1),(462,18),(462,10),(462,5),(463,1),(464,16),(464,13),(464,5),(465,6),(465,1),(465,5),(465,15),(466,1),(466,5),(466,15),(467,12),(467,5),(467,15),(468,8),(468,1),(468,5),(468,15),(469,8),(469,1),(469,5),(469,15),(470,20),(470,5),(470,15),(471,5),(471,15),(472,1),(472,5),(472,15),(473,1),(473,5),(473,15),(474,6),(474,5),(474,15),(475,20),(475,5),(475,15),(476,8),(476,17),(476,5),(476,15),(477,5),(477,15),(478,18),(478,5),(478,15),(479,6),(479,1),(479,10),(480,7),(480,1),(480,18),(480,15),(481,18),(481,10),(481,14),(482,8),(482,1),(482,18),(482,10),(483,5),(483,15),(484,18),(484,10),(484,9),(485,1),(485,18),(485,15),(486,1),(486,17),(505,1),(505,18),(506,1),(507,9),(507,18),(507,1),(507,8),(505,11),(505,16),(508,16),(508,11),(508,1),(508,18),(509,16),(509,11),(509,1),(509,18),(512,18),(512,1),(511,16),(511,11),(511,1),(511,18),(512,10),(513,11),(513,1),(514,7),(514,1),(515,11),(515,1),(516,16),(516,11),(516,8),(516,1),(516,18),(516,10),(516,9),(517,6),(517,11),(517,1),(517,18),(518,6),(518,1),(518,18),(519,11),(519,1),(519,18),(520,16),(520,11),(520,13),(520,5),(521,9),(522,9),(522,17),(523,7),(523,1),(523,18),(523,10),(524,1),(524,18),(524,10),(525,1),(525,18),(525,10),(525,17),(526,16),(526,8),(526,1),(527,8),(527,1),(527,18),(527,10);
/*!40000 ALTER TABLE `clip_person` ENABLE KEYS */;
UNLOCK TABLES;

--
-- Table structure for table `clip_tag`
--

DROP TABLE IF EXISTS `clip_tag`;
/*!40101 SET @saved_cs_client     = @@character_set_client */;
/*!50503 SET character_set_client = utf8mb4 */;
CREATE TABLE `clip_tag` (
  `clip_id` int NOT NULL,
  `tag_id` int NOT NULL,
  KEY `clip_id` (`clip_id`),
  KEY `tag_id` (`tag_id`)
) ENGINE=MyISAM DEFAULT CHARSET=utf8mb3;
/*!40101 SET character_set_client = @saved_cs_client */;

--
-- Dumping data for table `clip_tag`
--

LOCK TABLES `clip_tag` WRITE;
/*!40000 ALTER TABLE `clip_tag` DISABLE KEYS */;
INSERT INTO `clip_tag` VALUES (73,1);
/*!40000 ALTER TABLE `clip_tag` ENABLE KEYS */;
UNLOCK TABLES;

--
-- Table structure for table `game`
--

DROP TABLE IF EXISTS `game`;
/*!40101 SET @saved_cs_client     = @@character_set_client */;
/*!50503 SET character_set_client = utf8mb4 */;
CREATE TABLE `game` (
  `id` int NOT NULL AUTO_INCREMENT,
  `name` varchar(127) DEFAULT NULL,
  PRIMARY KEY (`id`),
  UNIQUE KEY `name` (`name`)
) ENGINE=MyISAM AUTO_INCREMENT=65 DEFAULT CHARSET=utf8mb3;
/*!40101 SET character_set_client = @saved_cs_client */;

--
-- Dumping data for table `game`
--

LOCK TABLES `game` WRITE;
/*!40000 ALTER TABLE `game` DISABLE KEYS */;
INSERT INTO `game` VALUES (4,'among us'),(5,'apex legends'),(6,'battlefield'),(7,'bendy and the ink machine'),(8,'borderlands'),(9,'business tour online'),(10,'call of duty'),(11,'civilization'),(12,'cs go'),(13,'dark souls'),(14,'davigo'),(15,'desktop'),(16,'zoom'),(17,'fall guys'),(18,'fallout'),(19,'fortnite'),(20,'genshin impact'),(21,'golf with your friends'),(22,'grand theft auto'),(23,'half life 2'),(24,'hollow knight'),(25,'jackbox'),(26,'league of legends'),(27,'little nightmares'),(28,'mario party'),(29,'minecraft'),(30,'minecraft dungeons'),(31,'no mans sky'),(32,'ori and the will of the wisps'),(33,'other'),(34,'overwatch'),(35,'paladins'),(36,'party animals'),(37,'phasmophobia'),(38,'pokemon'),(39,'population one'),(40,'pummel party'),(41,'rainbow six siege'),(42,'red read redemption'),(43,'rust'),(44,'sea of thieves'),(45,'sekiro'),(46,'sons of the forest'),(47,'super mario 64'),(48,'team fortress 2'),(49,'teamfight tactics'),(50,'temtem'),(51,'terraria'),(52,'the forest'),(53,'the stanley parable'),(54,'the witcher'),(55,'ultimate chicken horse'),(56,'valheim'),(57,'valorant'),(58,'world of warcraft'),(59,'worms'),(60,'castle crashers'),(61,'unturned'),(62,'wizard 101'),(63,'starbound'),(64,'lethal company');
/*!40000 ALTER TABLE `game` ENABLE KEYS */;
UNLOCK TABLES;

--
-- Table structure for table `person`
--

DROP TABLE IF EXISTS `person`;
/*!40101 SET @saved_cs_client     = @@character_set_client */;
/*!50503 SET character_set_client = utf8mb4 */;
CREATE TABLE `person` (
  `id` int NOT NULL AUTO_INCREMENT,
  `name` varchar(32) DEFAULT NULL,
  PRIMARY KEY (`id`),
  UNIQUE KEY `name` (`name`)
) ENGINE=MyISAM AUTO_INCREMENT=29 DEFAULT CHARSET=utf8mb3;
/*!40101 SET character_set_client = @saved_cs_client */;

--
-- Dumping data for table `person`
--

LOCK TABLES `person` WRITE;
/*!40000 ALTER TABLE `person` DISABLE KEYS */;
INSERT INTO `person` VALUES (1,'dawson'),(11,'cereal'),(10,'jason'),(5,'reyes'),(6,'ardoon'),(7,'aiden'),(8,'daniel'),(9,'josh'),(12,'marco'),(13,'meko'),(14,'sebastian'),(15,'sernas'),(16,'abiel'),(17,'liam'),(18,'heath'),(19,'jack'),(20,'alfred'),(21,'justin'),(22,'maxim'),(23,'corrigan'),(24,'auer'),(25,'seg'),(26,'mayle'),(27,'boba'),(28,'preston');
/*!40000 ALTER TABLE `person` ENABLE KEYS */;
UNLOCK TABLES;

--
-- Table structure for table `tag`
--

DROP TABLE IF EXISTS `tag`;
/*!40101 SET @saved_cs_client     = @@character_set_client */;
/*!50503 SET character_set_client = utf8mb4 */;
CREATE TABLE `tag` (
  `id` int NOT NULL AUTO_INCREMENT,
  `name` varchar(127) NOT NULL,
  PRIMARY KEY (`id`),
  UNIQUE KEY `name` (`name`)
) ENGINE=MyISAM AUTO_INCREMENT=11 DEFAULT CHARSET=utf8mb3;
/*!40101 SET character_set_client = @saved_cs_client */;

--
-- Dumping data for table `tag`
--

LOCK TABLES `tag` WRITE;
/*!40000 ALTER TABLE `tag` DISABLE KEYS */;
INSERT INTO `tag` VALUES (1,'pop off'),(2,'friendly fire');
/*!40000 ALTER TABLE `tag` ENABLE KEYS */;
UNLOCK TABLES;

--
-- Table structure for table `user`
--

DROP TABLE IF EXISTS `user`;
/*!40101 SET @saved_cs_client     = @@character_set_client */;
/*!50503 SET character_set_client = utf8mb4 */;
CREATE TABLE `user` (
  `id` int NOT NULL AUTO_INCREMENT,
  `username` varchar(25) NOT NULL,
  `email` varchar(255) NOT NULL,
  `password` varchar(255) NOT NULL,
  `is_approved` tinyint(1) DEFAULT '0',
  PRIMARY KEY (`id`)
) ENGINE=MyISAM AUTO_INCREMENT=31 DEFAULT CHARSET=utf8mb3;
/*!40101 SET character_set_client = @saved_cs_client */;

--
-- Dumping data for table `user`
--

LOCK TABLES `user` WRITE;
/*!40000 ALTER TABLE `user` DISABLE KEYS */;
INSERT INTO `user` VALUES (6,'Dawsani','dawson.dwm@gmail.com','$2y$10$64l8FC5P5S71ZDso3YpBo.TIm/ae3eyzeiR3Ov09VVKcUFEOJRttC',1),(7,'Aiden1469','aiden1468@gmail.com','$2y$10$kl7A65gSOcsFDEC0ut6gLOVUn33i6.W8dTeaGxrYNPoMqOYXxObrq',1),(8,'Croncodile','realjk0187@gmail.com','$2y$10$Vkmc3GqYAenM4fr9UBWA4.CFIQalgcEZoP2YDNEpDQVIjcBrOWAtW',1),(9,'hms','hmsnorcal@gmail.com','$2y$10$55LoIzXPnMPhBS9JfbrH4.hw/bkuaglXWXdt0Kx9BVHHwFb/2zWMu',1),(10,'Jotchua','joshawot8@gmail.com','$2y$10$cGMeb04GbDvbS4zl8wqlxubvyohyHJ01wb/SZHW9rSrHOQr.Nxlu6',1),(11,'Jack Niccol','jackniccol@gmail.com','$2y$10$3FD7wr1ybLyF0IbFlJDz.e0ao.OQ.U4bAX0z2wvc91xe.RSvYTRq2',1),(12,'God','csernas90@gmail.com','$2y$10$mjRais4AIKr.ueUoQ/le5ufnFL3PGXo58lDusV8YRbLpYQDANmUl6',1),(13,'Cena','hoovie1945@gmail.com','$2y$10$nv.7br/MPrae1tzD9LyQ0uUli2ZvwpeqYEqd7NVHqGbxF7he3/aRu',1),(14,'dawsanigf','kyliemcnultyy@gmail.com','$2y$10$EH.dAkIipn1QhROr3UlGS.jnoZjYamltwED80VapfvVxO.xstzJ86',0),(15,'Abiel','fishjimenez03@gmail.com','$2y$10$Sh6cjMVvrCMnHsiXJC6QpOZ5.yul/T25.3JJGQAqV89u3bY9dIvjS',1),(16,'CEREAL','liamoore333@gmail.com','$2y$10$NzDpqCg5uFVefFKOc6TVxeTtyZzJoQpTZF7/E7CFEFXAz0klrdBNe',1),(17,'MEKO','marcoch7712@gmail.com','$2y$10$nzD.bnNsVjzORjUJp0CUmeAC1JPq6jRYWNlF0f.DsYMRiDUdd9ZOC',1),(18,'qgRbPXTc','heath.renee1986@yahoo.com','$2y$10$.xt3ZtZUHEZMIUtASg8Xf.Sk98qe3YR1SV59dKSKlv1.mO7lDT6T6',0),(19,'','','$2y$10$0r9lByhZH/H7tQklQgzoOun2cJOne5ZjWV3r9pkQIJ.32u9KmW/w.',0),(20,'YtUTQMzbK','JeniferStephenson566@aol.com','$2y$10$COBp1zdBDr7tgCiKlEGrjuagLabtAEwHkEh05SBBvlfPdD0nbk3ia',0),(21,'YfRdCbhBPOvlmwgM','earl47sweeneymyv@outlook.com','$2y$10$gO7CqLCMVy8faspG.ni4XOYLtCjJWlp7W7EJ2i7BsWRWyBIb.VXl.',0),(22,'IpUyeuHzATlPRYm','evellylaguiah@outlook.com','$2y$10$HgMI/ZO/1Xyp2ONvx.3QRuZYsNp1Mq3Kz8rUhvBUOwkTjymFsLmlS',0),(23,'VdknmRxJ','simone_baileyn5ix@outlook.com','$2y$10$kq99GIvcviEO/zFuansEA.FxYjBnNC0RygXcZg4k6rTUl6DiiOTTu',0),(24,'lNmOyVZdJP','ofaulkner988@gmail.com','$2y$10$esl5tfROlvZMMoyMU51aVue2BIRIvzN0NqwuKAPE02eUWPYk5w3Lm',0),(25,'WvHTbXZGEwj','mezavelariq2515@gmail.com','$2y$10$QTG65F/J57CGqznPHtyqEupkAVPMGfSFJcmxwnVDUUdc4h/typCAe',0),(26,'oIBTfisGzahPXnDW','william18witcherhvs@outlook.com','$2y$10$DEKowVXuuOLhz.MTrpgep.x9uwESfaRR.WMaxRKsoveo3h2c1SfXe',0),(27,'PJBzUZfLXwnljRh','thomasrs_gilmanoe@outlook.com','$2y$10$tbKNXhdHmHG4BhDogF.1u.Dk6AWjysXpziQDHrX0SrfaWf7vvc/ue',0),(28,'YWFxbLQq','derickxg_price4d@outlook.com','$2y$10$vFBskVsqZPE6cwqhkV3OTuOiH/vAZcOh3ll7uHPMDGfu5XtQUdxjW',0),(29,'mhijHBEqGzRyTuV','pvensih@gmail.com','$2y$10$We0v5a2sk/8h9EaxGwvbIOTYb8Knv1/9i3.KEj3LWwk12JMVx19n6',0),(30,'KxFXNlMqyrVOLG','rebagarzaj6133@gmail.com','$2y$10$H8rvVTNiSivHwR07UMKU0e1/wg85F7kLvYMjopECp0y.stdDvt/S6',0);
/*!40000 ALTER TABLE `user` ENABLE KEYS */;
UNLOCK TABLES;
/*!40103 SET TIME_ZONE=@OLD_TIME_ZONE */;

/*!40101 SET SQL_MODE=@OLD_SQL_MODE */;
/*!40014 SET FOREIGN_KEY_CHECKS=@OLD_FOREIGN_KEY_CHECKS */;
/*!40014 SET UNIQUE_CHECKS=@OLD_UNIQUE_CHECKS */;
/*!40101 SET CHARACTER_SET_CLIENT=@OLD_CHARACTER_SET_CLIENT */;
/*!40101 SET CHARACTER_SET_RESULTS=@OLD_CHARACTER_SET_RESULTS */;
/*!40101 SET COLLATION_CONNECTION=@OLD_COLLATION_CONNECTION */;
/*!40111 SET SQL_NOTES=@OLD_SQL_NOTES */;

-- Dump completed on 2025-05-29  1:13:22
